{
    "model": "Chunked judgment inference with Student BERT",
    "base_model_path": "/Users/danial/Desktop/legal_prediction/models/best_student_proof_alpha08.pt",
    "input_column": "judgement_masked",
    "training_note": "The model was trained on proof_sentence_masked, then applied chunk-wise to full judgment text.",
    "chunk_size": 256,
    "chunk_stride": 224,
    "max_chunks_per_doc": 4,
    "aggregation": "max",
    "val_sample_size": 300,
    "threshold_0_5": {
        "accuracy": 0.48333333333333334,
        "precision": 0.47635135135135137,
        "recall": 1.0,
        "f1": 0.6453089244851259,
        "roc_auc": 0.7820598599402293,
        "gini": 0.5641197198804586
    },
    "best_threshold": {
        "threshold": 0.8599999999999995,
        "accuracy": 0.7233333333333334,
        "precision": 0.6986301369863014,
        "recall": 0.723404255319149,
        "f1": 0.710801393728223,
        "roc_auc": 0.7820598599402293,
        "gini": 0.5641197198804586
    }
}